timestamp,objid,x,y,z,kind
07:44:37,obj003,675.230,135.906,-1545.011,wall
07:44:40,obj004,1421.977,135.906,-1668.208,wall
07:44:44,obj001,1079.586,135.906,-1543.896,wall
07:44:45,obj002,667.057,135.906,-1543.329,wall
07:44:47,obj003,814.154,135.906,-2881.946,wall
07:44:48,obj002,733.969,135.906,-1935.390,object
07:44:48,obj001,793.348,135.906,-1951.012,object
07:44:49,obj004,727.807,135.906,-2580.707,object
07:44:49,obj003,766.279,135.906,-2628.718,object
07:44:52,obj002,259.409,135.906,-1889.529,wall
07:44:52,obj003,995.634,135.906,-2878.838,wall
07:44:54,obj004,418.286,135.906,-2110.581,object
07:44:54,obj002,368.472,135.906,-2073.781,object
07:44:54,obj001,1422.137,135.906,-2292.927,wall
07:44:56,obj002,262.732,135.906,-1987.763,wall
07:44:58,obj003,921.035,135.906,-2178.125,object
07:44:58,obj001,970.912,135.906,-2143.120,object
07:45:00,obj003,790.019,135.906,-2317.392,object
07:45:00,obj002,736.199,135.906,-2286.699,object
07:45:03,obj001,1421.028,135.906,-1793.315,wall
07:45:04,obj004,1420.298,135.906,-2772.454,wall
07:45:05,obj002,258.980,135.906,-2267.802,wall
